{"meta": "lr", "classes_": [0, 1], "coef_": [[0.0020203751292832053, -0.0660751787461752, -0.05082890267987893, 0.010577983817553588, -0.006526841265283392, 0.0018710214041936712, -0.0721910426131742, -0.05508671253482837, -0.01408100950011699, -0.00538599666341654, 0.14084932329528477, -0.06368184210465481, -0.0061561878411998516, 4.069675093679804e-06]], "intercept_": [-0.024763526349008795], "n_iter_": [[[60, 1, 1, 1, 1, 1, 1, 1, 1, 1], [100, 44, 46, 1, 1, 1, 1, 1, 1, 1], [100, 23, 2, 1, 1, 1, 1, 1, 1, 1], [100, 3, 100, 3, 1, 1, 1, 1, 25, 1], [100, 97, 1, 1, 1, 1, 1, 1, 1, 1]]], "params": {"Cs": 10, "class_weight": null, "cv": 5, "dual": false, "fit_intercept": true, "intercept_scaling": 1.0, "l1_ratios": null, "max_iter": 100, "multi_class": "auto", "n_jobs": null, "penalty": "l2", "random_state": 0, "refit": true, "scoring": null, "solver": "lbfgs", "tol": 0.0001, "verbose": 0}}