{"meta": "lr", "classes_": [0, 1], "coef_": [[0.018831080413386665, -0.0642993654147945, -0.05353648939661712, -0.0023434540502371743, -0.007124360041243398, 0.018695820566204027, -0.06796827788568159, -0.05459953646059482, -0.0032495581685175125, -0.004581144539951979, 0.11487656384100908, -0.041870563499991194, -0.006253697912751576, 4.600925167848455e-06]], "intercept_": [-0.015122224366486092], "n_iter_": [[[100, 7, 7, 1, 1, 15, 1, 1, 1, 1], [100, 49, 74, 1, 1, 1, 1, 1, 1, 1], [100, 100, 36, 1, 1, 1, 1, 1, 1, 1], [100, 32, 1, 1, 1, 1, 1, 1, 1, 1], [38, 95, 16, 1, 1, 1, 1, 7, 7, 1]]], "params": {"Cs": 10, "class_weight": null, "cv": 5, "dual": false, "fit_intercept": true, "intercept_scaling": 1.0, "l1_ratios": null, "max_iter": 100, "multi_class": "auto", "n_jobs": null, "penalty": "l2", "random_state": 0, "refit": true, "scoring": null, "solver": "lbfgs", "tol": 0.0001, "verbose": 0}}