{"meta": "linear-regression", "coef_": [-182.82993989695316, -2.5629950181241825, -1.838944336264878, 0.13080953481638644, -0.0034194315907763702, 182.47471138781282, 2.263741356002893, 2.90950463645361, -0.18665155975434486, 0.04311900482068259, -2.6878453566407803, 0.07229380671652574, -0.05593711876512701, 8.908696788711978e-06], "intercept_": -25.28445739551446, "params": {"copy_X": true, "fit_intercept": true, "n_jobs": null, "normalize": false}}