{"meta": "linear-regression", "coef_": [11.912339159705146, -0.018803667066578322, -0.9464353837870118, -0.05342540470460965, -0.001529335946233834, -11.884050983409466, -0.003663283697687897, 1.4503272874212456, 0.059989496062495776, -0.000169440850457947, -0.20269720861843643, 0.553096085637203, -0.059431355453745095, -2.6510048214967163e-06], "intercept_": 16.914676220581647, "params": {"copy_X": true, "fit_intercept": true, "n_jobs": null, "normalize": false}}