{"meta": "linear-regression", "coef_": [18.835042467484854, 0.06390162920833253, -0.7693481015847897, -0.0573720587059741, -0.0016078384767563847, -18.839659785084162, -0.05287623224323934, 1.7805349998573843, 0.05142925064511439, 0.00044122092764598, -0.4266579434981525, 0.5293222594096634, -0.05912880351188862, -2.857101488840108e-06], "intercept_": 17.798313433500212, "params": {"copy_X": true, "fit_intercept": true, "n_jobs": null, "normalize": false}}