{"meta": "linear-regression", "coef_": [-213.1594124926987, -3.2743666010573826, -3.0869676751062047, 0.24110558436779564, -0.0015824153962912388, 212.80838779907646, 2.8616009780689735, 3.1923069612231965, -0.2237848635922259, 0.040410120978139015, -2.561737820407087, 0.32560401329592886, -0.05372507023719396, 1.0938972078378129e-05], "intercept_": -30.20920497670327, "params": {"copy_X": true, "fit_intercept": true, "n_jobs": null, "normalize": false}}